{"text": " Go. Do you hear?", "segments": [{"id": 0, "seek": 0, "start": 0.0, "end": 1.76, "text": " Go. Do you hear?", "tokens": [50365, 1037, 13, 1144, 291, 1568, 30, 50453], "temperature": 0.0, "avg_logprob": -0.3211156527201335, "compression_ratio": 0.6666666666666666, "no_speech_prob": 1.5689930908321936e-12}], "language": "en"}